{"appliedStyle":"","general":{"page":{"outer-background-color":"#c2c2c2","outer-background-image":"","outer-background-image-settings":""},"color":{"main-color":"#34a68e","sub-color":"#76c3af"},"heading":{"headings-color":"#555555","headings-font-type":"google","headings-standard-font-family":"","headings-google-font-family":{"family":"Roboto:100,300,regular,500,700","variant":"normal"},"headings-custom-font-file":"","headings-font-weight":"","headings-font-style":"","headings-text-transform":"capitalize","headings-text-shadow":"","headings-base-size":"11","headings-line-height":"1.5","headings-letter-spacing":0},"content":{"color":"#000","content-font-type":"google","content-standard-font-family":"","content-google-font-family":{"family":"Roboto:100,regular,500,700","variant":"normal"},"content-custom-font-file":"","font-weight":"","font-size-base":14,"line-height-base":"1.5","text-color":"#555555"},"default-button":{"btn-default-padding":"","btn-default-bg":"#555555","btn-default-border-all":"","btn-default-radius":"","btn-default-box-shadow":"","btn-default-color":"#ffffff","btn-default-font-weight":"","btn-default-font-style":"","btn-default-text-transform":"","btn-default-text-shadow":"","btn-default-base-size":"14","btn-default-letter-spacing":0,"btn-default-bg-hover":"#8596a9","btn-default-border-hover":"","btn-default-color-hover":"#ffffff"},"primary-button":{"btn-primary-bg":"main","btn-primary-border-all":{"universal":"1","width":"0","style":"","color":"","top-width":"","top-style":"","top-color":"","right-width":"","right-style":"","right-color":"","bottom-width":"","bottom-style":"","bottom-color":"","left-width":"","left-style":"","left-color":""},"btn-primary-box-shadow":"","btn-primary-color":"#ffffff","btn-primary-text-shadow":"","btn-primary-bg-hover":"sub","btn-primary-border-hover":"sub","btn-primary-color-hover":"#ffffff"},"link":{"link-color":"main","link-hover-color":"sub"}},"sections":{"section_header":{"container":{"background-color":"","background-image":"","background-image-settings":"","border":""},"heading":{"custom":null,"headings-color":"","headings-font-weight":"","headings-text-transform":"","headings-text-shadow":"","headings-base-size":"","headings-line-height":"","headings-letter-spacing":""},"content":{"custom":null,"color":"#000","font-size-base":14,"line-height":"","content-font-type":"google","content-standard-font-family":"","content-google-font-family":{"family":"Roboto:100,regular,500,700","variant":"normal"},"content-custom-font-file":"","font-weight":"","line-height-base":1.4,"text-color":"#555555"},"default-button":{"custom":null,"btn-default-padding":"","btn-default-bg":"","btn-default-border-all":"","btn-default-radius":"","btn-default-box-shadow":"","btn-default-color":"","btn-default-font-weight":"","btn-default-font-style":"","btn-default-text-transform":"","btn-default-text-shadow":"","btn-default-base-size":"","btn-default-letter-spacing":"","btn-default-bg-hover":"","btn-default-border-hover":"","btn-default-color-hover":""},"primary-button":{"custom":null,"btn-primary-bg":"","btn-primary-border-all":"","btn-primary-box-shadow":"","btn-primary-color":"","btn-primary-text-shadow":"","btn-primary-bg-hover":"","btn-primary-border-hover":"","btn-primary-color-hover":""},"link":{"custom":null,"link-color":"","link-color-hover":"","link-hover-color":"custom"}},"section_main-body":{"container":{"background-color":"","background-image":"","background-image-settings":"","border":""}},"section_banner-slider":{"container":{"background-color":"","background-image":"images/joomlashine/sample/background/promo-slideshow-bg.jpg","background-image-settings":{"size":"cover","repeat":"no-repeat","position":"center center","attachment":""},"border":""}},"section_footer":{"content":{"color":"#000","content-font-type":"google","content-standard-font-family":"","content-google-font-family":{"family":"Roboto:100,regular,500,700","variant":"normal"},"content-custom-font-file":"","font-weight":"","font-size-base":14,"line-height-base":"1.5","text-color":"#f4f4f4","custom":"1","line-height":""},"heading":{"headings-color":"#000","headings-font-type":"standard","headings-standard-font-family":"","headings-google-font-family":"","headings-custom-font-file":"","headings-font-weight":"","headings-font-style":"","headings-text-transform":"","headings-text-shadow":"","headings-base-size":12,"headings-line-height":1.4,"headings-letter-spacing":0,"custom":null}},"section_content-top":{"heading":{"headings-color":"","headings-font-type":"google","headings-standard-font-family":"","headings-google-font-family":{"family":"Roboto:100,regular,500,700","variant":"500"},"headings-custom-font-file":"","headings-font-weight":"","headings-font-style":"","headings-text-transform":"","headings-text-shadow":"","headings-base-size":"14","headings-line-height":1.4,"headings-letter-spacing":0,"custom":null},"content":{"color":"#000","content-font-type":"standard","content-standard-font-family":"","content-google-font-family":"","content-custom-font-file":"","font-weight":"","font-size-base":14,"line-height-base":1.4,"text-color":"","custom":"1","line-height":""}},"section_top-bar":{"container":{"background-color":"#000000","background-image":"","background-image-settings":"","border":""},"heading":{"headings-color":"#ffffff","headings-font-type":"standard","headings-standard-font-family":"","headings-google-font-family":"","headings-custom-font-file":"","headings-font-weight":"","headings-font-style":"","headings-text-transform":"","headings-text-shadow":"","headings-base-size":12,"headings-line-height":1.4,"headings-letter-spacing":0,"custom":"1"},"content":{"color":"#000","content-font-type":"standard","content-standard-font-family":"","content-google-font-family":"","content-custom-font-file":"","font-weight":"","font-size-base":14,"line-height-base":1.4,"custom":"1","text-color":"#ffffff","line-height":""},"link":{"link-color":"#ffffff","link-hover-color":"custom","custom":"1","link-color-hover":"main"}},"section_breadcrumb":{"container":{"background-color":"#ffffff","background-image":"","background-image-settings":"","border":""},"heading":{"headings-color":"#555555","headings-font-type":"google","headings-standard-font-family":"","headings-google-font-family":{"family":"Roboto:100,300,regular,500,700","variant":"normal"},"headings-custom-font-file":"","headings-font-weight":"","headings-font-style":"","headings-text-transform":"","headings-text-shadow":"","headings-base-size":"11","headings-line-height":"1.6","headings-letter-spacing":0,"custom":null}},"section_copyright":{"container":{"background-color":"","background-image":"","background-image-settings":"","border":""}},"section_get-it-touch":{"container":{"background-color":"","background-image":"","background-image-settings":"","border":""}},"section_promo":{"container":{"background-color":"#c2c2c2","background-image":"","background-image-settings":"","border":""}}},"module":{"module-style-1":{"container":{"padding":"","background-color":"","background-image":"","background-image-settings":"","border":{"universal":"1","width":"1","style":"solid","color":"#d1d6de","top-width":"","top-style":"","top-color":"","right-width":"","right-style":"","right-color":"","bottom-width":"","bottom-style":"","bottom-color":"","left-width":"","left-style":"","left-color":""}},"title":{"bg-color":"","text-color":"#555555","font-weight":"normal","text-transform":"","font-size":"18","text-icon-size":"1em","text-icon-color":""},"content":{"color":"","font-size":""}},"module-style-2":{"container":{"padding":"","background-color":"","background-image":"","background-image-settings":"","border":{"universal":"1","width":"1","style":"solid","color":"main","top-width":"","top-style":"","top-color":"","right-width":"","right-style":"","right-color":"","bottom-width":"","bottom-style":"","bottom-color":"","left-width":"","left-style":"","left-color":""}},"title":{"bg-color":"","text-color":"#555555","font-weight":"normal","text-transform":"","font-size":"18","text-icon-size":"","text-icon-color":""},"content":{"color":"","font-size":""}},"module-style-3":{"container":{"padding":"","background-color":"","background-image":"","background-image-settings":"","border":{"universal":"1","width":"1","style":"solid","color":"#d1d6de","top-width":"","top-style":"","top-color":"","right-width":"","right-style":"","right-color":"","bottom-width":"","bottom-style":"","bottom-color":"","left-width":"","left-style":"","left-color":""}},"title":{"bg-color":"","text-color":"","font-weight":"normal","text-transform":"","font-size":"18","text-icon-size":"","text-icon-color":""},"content":{"color":"","font-size":""}},"module-style-4":{"container":{"padding":"","background-color":"","background-image":"","background-image-settings":"","border":{"universal":"1","width":"1","style":"solid","color":"main","top-width":"","top-style":"","top-color":"","right-width":"","right-style":"","right-color":"","bottom-width":"","bottom-style":"","bottom-color":"","left-width":"","left-style":"","left-color":""}},"title":{"bg-color":"main","text-color":"#ffffff","font-weight":"normal","text-transform":"","font-size":"18","text-icon-size":"","text-icon-color":""},"content":{"color":"","font-size":""}}},"menu":{"item_menu":{"root":{"font-size":"16","text-transform":"capitalize","background-color":"","color":"#ffffff","background-color-hover":"","link-color-hover":"main","font-type":"standard","standard-font-family":"","google-font-family":"","custom-font-file":""},"dropdown":{"font-size":"14","text-transform":"","width-dropdown":"250","background-color":"#ffffff","color":"#555555","background-color-hover":"","link-color-hover":"main"}}},"group":"general","editing":"color"}