{"appliedLayout":"","settings":{"enable_responsive":1,"show_desktop_switcher":1,"enable_boxed_layout":0,"width_boxed_layout":960,"margin":"","go_to_top":null,"icon_go_to_top":"fa fa-arrow-up","text_go_to_top":"","color_go_to_top":"#ffffff","bg_go_to_top":"#000000","ps_go_to_top":""},"sections":[{"id":"section_header","settings":{"name":"Header","identification_code":"item_1363295227655","full_width":null,"enable_sticky":null,"margin":"","padding":"","class":"sunfw_header"},"rows":[0],"label":"Header"},{"id":"section_main-body","settings":{"name":"Main Body","identification_code":"item_120914934406","full_width":null,"enable_sticky":0,"margin":"","padding":"","class":"sunfw_main_body"},"rows":[1],"label":"Main Body"},null,{"id":"section_footer","settings":{"name":"Footer","identification_code":"item_716097263670","full_width":null,"enable_sticky":0,"margin":"","padding":{"top":"55","left":"","right":"","bottom":"55"},"class":"sunfw_footer"},"rows":[13],"label":"Footer"},{"id":"section_banner-slider","settings":{"name":"Banner Slider","identification_code":"item_120155574786","full_width":null,"enable_sticky":0,"margin":"","padding":"","class":"sunfw_banner"},"rows":[4],"label":"Banner Slider"},{"id":"section_content-top","settings":{"name":"Content Top","identification_code":"item_1381972949277","full_width":null,"enable_sticky":0,"margin":"","padding":"","class":"sunfw_content_top"},"rows":[6],"label":"Content Top"},{"id":"section_top-bar","settings":{"name":"Top Bar","identification_code":"item_jb7usHkE","full_width":null,"enable_sticky":0,"margin":"","padding":"","class":"sunfw_top"},"rows":[8],"label":"Top Bar"},{"id":"section_breadcrumb","settings":{"name":"Breadcrumb","identification_code":"item_d5FCeY9V","full_width":1,"enable_sticky":0,"margin":{"top":"","left":"","right":"","bottom":"30"},"padding":"","class":"sunfw_breadcrumb"},"rows":[9],"label":"Breadcrumb"},{"id":"section_content-top-below","settings":{"name":"Content Top Below","identification_code":"item_q3NDbemd","full_width":null,"enable_sticky":0,"margin":"","padding":"","class":"sunfw_content_top_below"},"rows":[10],"label":"Content Top Below"},{"id":"section_content-top-over","settings":{"name":"Content Top Over","identification_code":"item_EM3Y8yq4","full_width":null,"enable_sticky":0,"margin":"","padding":"","class":"sunfw_content_top_over"},"rows":[11],"label":"Content Top Over"},{"id":"section_content-top-full","settings":{"name":"Content Top Full","identification_code":"item_PesZSxHV","full_width":1,"enable_sticky":0,"margin":"","padding":"","class":""},"rows":[12],"label":"Content Top Full"},{"id":"section_copyright","settings":{"name":"Copyright","identification_code":"item_NwQ9Z9TJ","full_width":1,"enable_sticky":0,"margin":"","padding":"","class":"sunfw_footer_copyright"},"rows":[14],"label":"Copyright"},null,{"id":"section_content-bottom","settings":{"name":"Content Bottom","identification_code":"item_h2QyAXzS","full_width":null,"enable_sticky":0,"margin":"","padding":"","class":"sunfw_content_bottom"},"rows":[17],"label":"Content Bottom"},{"id":"section_promo","settings":{"name":"Promo","identification_code":"item_yX8mgDNm","full_width":null,"enable_sticky":0,"margin":{"top":"","left":"","right":"","bottom":"0"},"padding":"","class":"sunfw_promo"},"rows":[18],"label":"Promo"},{"id":"section_content-bottom-bellow-","settings":{"name":"Content Bottom Bellow ","identification_code":"item_U896akVT","full_width":null,"enable_sticky":0,"margin":"","padding":"","class":"sunfw_content_bottom_bellow"},"rows":[19],"label":"Content Bottom Bellow "},{"id":"section_content-bottom-full","settings":{"name":"Content Bottom Full","identification_code":"item_pMYDwVpK","full_width":1,"enable_sticky":0,"margin":"","padding":"","class":""},"rows":[20],"label":"Content Bottom Full"},null,null,{"id":"section_topbars","settings":{"name":"Topbars","identification_code":"item_thzUXJ5q","full_width":1,"enable_sticky":0,"margin":"","padding":"","class":""},"rows":[23],"label":"Topbars"}],"rows":[{"id":"row_row-0","settings":{"name":"Row #0","identification_code":"item_Tzkb8rVB","margin":"","padding":"","class":"flex flex-items-middle"},"columns":[2,0]},{"id":"row_row-1","settings":{"name":"Row #1","identification_code":"item_1445013496154","margin":"","padding":"","class":"wrap_main_content"},"columns":[8,7,1,9,10]},null,null,{"id":"row_row-4","settings":{"name":"Row #4"},"columns":[6]},null,{"id":"row_row-6","settings":{"name":"Row #6"},"columns":[12]},null,{"id":"row_row-8","settings":{"name":"Row #8"},"columns":[14,24]},{"id":"row_row-9","settings":{"name":"Row #9"},"columns":[11]},{"id":"row_row-10","settings":{"name":"Row #10"},"columns":[16]},{"id":"row_row-11","settings":{"name":"Row #11"},"columns":[17]},{"id":"row_row-12","settings":{"name":"Row #12"},"columns":[18]},{"id":"row_row-13","settings":{"name":"Row #13"},"columns":[19,20,21,22]},{"id":"row_row-14","settings":{"name":"Row #14"},"columns":[23]},null,null,{"id":"row_row-17","settings":{"name":"Row #17"},"columns":[28]},{"id":"row_row-18","settings":{"name":"Row #18"},"columns":[29]},{"id":"row_row-19","settings":{"name":"Row #19"},"columns":[30]},{"id":"row_row-20","settings":{"name":"Row #20"},"columns":[31]},null,null,{"id":"row_row-23","settings":{"name":"Row #23"},"columns":[37]}],"columns":[{"id":"column_column-0","width":{"lg":10,"md":10,"sm":12,"xs":12},"settings":{"name":"Column #0","identification_code":"item_864727562143","margin":"","padding":"","visible_in":["lg","md","sm","xs"],"class":"sunfw_col_menu"},"items":[0]},{"id":"column_column-1","width":{"lg":2,"md":2,"sm":6,"xs":12},"settings":{"name":"Column #1"},"items":[1]},{"id":"column_column-2","settings":{"name":"Column #2","identification_code":"item_1099036021793","margin":"","padding":"","visible_in":["lg","md","sm","xs"],"class":"sunfw_col_logo"},"items":[2],"width":{"lg":2,"md":2,"sm":12,"xs":12}},null,null,null,{"id":"column_column-6","width":{"lg":12},"settings":{"name":"Column #6"},"items":[6]},{"id":"column_column-7","settings":{"name":"Column #7","identification_code":"item_1015570356818","margin":"","padding":"","visible_in":["lg","md","sm","xs"],"class":"col-innerleft"},"items":[7],"width":{"lg":2,"md":2,"sm":3,"xs":12}},{"id":"column_column-8","settings":{"name":"Column #8","identification_code":"item_461640546336","margin":"","padding":"","visible_in":["lg","md","sm","xs"],"class":"col-left"},"items":[8],"width":{"lg":3,"md":3,"sm":12,"xs":12}},{"id":"column_column-9","settings":{"name":"Column #9","identification_code":"item_624954448343","margin":"","padding":"","visible_in":["lg","md","sm","xs"],"class":"col-innerright"},"items":[9],"width":{"lg":2,"md":2,"sm":3,"xs":12}},{"id":"column_column-10","settings":{"name":"Column #10","identification_code":"item_389504404796","margin":"","padding":"","visible_in":["lg","md","sm","xs"],"class":"col-right"},"items":[10],"width":{"lg":3,"md":3,"sm":12,"xs":12}},{"id":"column_column-11","width":{"lg":12,"md":12,"sm":12,"xs":12},"settings":{"name":"Column #11"},"items":[11]},{"id":"column_column-12","width":{"lg":12},"settings":{"name":"Column #12"},"items":[13]},null,{"id":"column_column-14","width":{"lg":6,"md":6,"sm":8,"xs":12},"settings":{"name":"Column #14"},"items":[15]},null,{"id":"column_column-16","width":{"lg":12},"settings":{"name":"Column #16"},"items":[17]},{"id":"column_column-17","width":{"lg":12},"settings":{"name":"Column #17"},"items":[18]},{"id":"column_column-18","width":{"lg":12},"settings":{"name":"Column #18"},"items":[19]},{"id":"column_column-19","width":{"lg":3,"md":3,"sm":3,"xs":12},"settings":{"name":"Column #19"},"items":[31]},{"id":"column_column-20","settings":{"name":"Column #20"},"items":[32],"width":{"lg":3,"md":3,"sm":3,"xs":12}},{"id":"column_column-21","settings":{"name":"Column #21"},"items":[33],"width":{"lg":3,"md":3,"sm":3,"xs":12}},{"id":"column_column-22","settings":{"name":"Column #22"},"items":[34],"width":{"lg":3,"md":3,"sm":3,"xs":12}},{"id":"column_column-23","width":{"lg":12},"settings":{"name":"Column #23"},"items":[35]},{"id":"column_column-24","settings":{"name":"Column #24"},"items":[26],"width":{"lg":6,"md":6,"sm":4,"xs":12}},null,null,null,{"id":"column_column-28","width":{"lg":12},"settings":{"name":"Column #28"},"items":[30]},{"id":"column_column-29","width":{"lg":12},"settings":{"name":"Column #29"},"items":[36]},{"id":"column_column-30","width":{"lg":12},"settings":{"name":"Column #30"},"items":[37]},{"id":"column_column-31","width":{"lg":12},"settings":{"name":"Column #31"},"items":[38]},null,null,null,null,null,{"id":"column_column-37","width":{"lg":12},"settings":{"name":"Column #37"},"items":[45]}],"items":[{"id":"item_menu","type":"menu","settings":{"name":"Menu","identification_code":"item_1071355154589","menu-type":"mainmenu","menu-item":"","menu-start-level":"1","menu-end-level":"0","menu-show-icon":"1","menu-show-description":null,"menu-show-submenu":"1","menu-sub-effect":"2","menu-mobile-target":1,"visible_in":["lg","md","sm","xs"],"class":"pull-right main-menu"}},{"id":"item_main-body","type":"page-content","settings":{"name":"Main Body"}},{"id":"item_logo","type":"logo","settings":{"name":"Logo","identification_code":"item_1345970197752","logo":"templates/jsn_glass2_pro/images/logo.png","mobile-logo":"templates/jsn_glass2_pro/images/logo-small.png","alt":"","link":"","visible_in":["lg","md","sm","xs"],"class":""}},null,null,null,{"id":"item_module-position","type":"module-position","settings":{"name":"Module Position","identification_code":"item_51018941942","module-position":"banner","visible_in":["lg","md","sm","xs"],"class":""}},{"id":"item_innerleft","type":"module-position","settings":{"name":"InnerLeft","identification_code":"item_172166045432","module-position":"innerleft","visible_in":["lg","md","sm","xs"],"class":""}},{"id":"item_left","type":"module-position","settings":{"name":"Left","identification_code":"item_670347071434","module-position":"left","visible_in":["lg","md","sm","xs"],"class":""}},{"id":"item_innerright","type":"module-position","settings":{"name":"InnerRight","identification_code":"item_1088067897683","module-position":"innerright","visible_in":["lg","md","sm","xs"],"class":""}},{"id":"item_right","type":"module-position","settings":{"name":"Right","identification_code":"item_216866785536","module-position":"right","visible_in":["lg","md","sm","xs"],"class":""}},{"id":"item_breadcrumb","type":"module-position","settings":{"name":"Breadcrumb","identification_code":"item_1105330476893","module-position":"breadcrumbs","visible_in":["lg","md","sm","xs"],"class":""}},null,{"id":"item_module-position_1504598172120","type":"module-position","settings":{"name":"Module Position","identification_code":"item_1149384447923","module-position":"content-top","visible_in":["lg","md","sm","xs"],"class":""}},null,{"id":"item_top-bar-left","type":"module-position","settings":{"name":"Top Bar Left","identification_code":"item_cSJjjVnu","module-position":"top-bar","visible_in":["lg","md","sm","xs"],"class":""}},null,{"id":"item_module-position_1511236591748","type":"module-position","settings":{"name":"Module Position","identification_code":"item_bY50V7XA","module-position":"content-top-below","visible_in":["lg","md","sm","xs"],"class":""}},{"id":"item_module-position_1511247900948","type":"module-position","settings":{"name":"Module Position","identification_code":"item_jHUTFssX","module-position":"content-top-over","visible_in":["lg","md","sm","xs"],"class":""}},{"id":"item_module-position_1511250931603","type":"module-position","settings":{"name":"Module Position","identification_code":"item_TtTHYvYq","module-position":"content-top-full","visible_in":["lg","md","sm","xs"],"class":""}},null,null,null,null,null,null,{"id":"item_top-menu","type":"menu","settings":{"name":"Top Menu","identification_code":"item_nXst057q","menu-type":"top","menu-item":"","menu-start-level":"1","menu-end-level":"0","menu-show-icon":1,"menu-show-description":null,"menu-show-submenu":0,"menu-sub-effect":"1","menu-mobile-target":null,"visible_in":["lg","md","sm","xs"],"class":"sunfw_top_menu"}},null,null,null,{"id":"item_module-position_1511410702131","type":"module-position","settings":{"name":"Module Position","identification_code":"item_GyfGKkkD","module-position":"content-bottom","visible_in":["lg","md","sm","xs"],"class":""}},{"id":"item_module-position_1512377755145","type":"module-position","settings":{"name":"Module Position","identification_code":"item_UbqEeVJg","module-position":"footer-1","visible_in":["lg","md","sm","xs"],"class":""}},{"id":"item_module-position_1512377765434","type":"module-position","settings":{"name":"Module Position","identification_code":"item_C2Zu9Vnz","module-position":"footer-2","visible_in":["lg","md","sm","xs"],"class":""}},{"id":"item_module-position_1512377783987","type":"module-position","settings":{"name":"Module Position","identification_code":"item_Wpnb0S5h","module-position":"footer-3","visible_in":["lg","md","sm","xs"],"class":""}},{"id":"item_module-position_1512377803364","type":"module-position","settings":{"name":"Module Position","identification_code":"item_WPf6ta9y","module-position":"footer-4","visible_in":["lg","md","sm","xs"],"class":""}},{"id":"item_module-position_1512378933358","type":"module-position","settings":{"name":"Module Position","identification_code":"item_gHpvjfa7","module-position":"copyright","visible_in":["lg","md","sm","xs"],"class":""}},{"id":"item_module-position_1512439803202","type":"module-position","settings":{"name":"Module Position","identification_code":"item_HCTcxNKH","module-position":"promo","visible_in":["lg","md","sm","xs"],"class":""}},{"id":"item_module-position_1513138351330","type":"module-position","settings":{"name":"Module Position","identification_code":"item_KkR2TZjS","module-position":"content-bottom-bellow","visible_in":["lg","md","sm","xs"],"class":""}},{"id":"item_module-position_1513241256292","type":"module-position","settings":{"name":"Module Position","identification_code":"item_KCHUfTvr","module-position":"content-bottom-full","visible_in":["lg","md","sm","xs"],"class":""}},null,null,null,null,null,null,{"id":"item_module-position_1515466743671","type":"module-position","settings":{"name":"Module Position","identification_code":"item_gVBQqt8p","module-position":"top-bars","visible_in":["lg","md","sm","xs"],"class":""}}],"views":{"main":{"sections":[19,6,0,7,4,14,10,5,8,9,1,13,16,15,3,11]},"top":{"rows":[],"settings":{"show-toggle":1,"anchor-position":"center"}},"right":{"rows":[],"settings":{"show-toggle":1,"anchor-position":"middle"}},"bottom":{"rows":[],"settings":{"show-toggle":1,"anchor-position":"center"}},"left":{"rows":[],"settings":{"show-toggle":1,"anchor-position":"middle"}}},"screen":"lg","editing":""}